!=p,gen_common_neqp
neqp,gen_common_neqp
>,gen_common_gt
gt,gen_common_gt
==,gen_common_eq
eq,gen_common_eq
==p,gen_common_eqp
eqp,gen_common_eqp
>=,gen_common_gte
gte,gen_common_gte
>=p,gen_common_gtep
gtep,gen_common_gtep
>p,gen_common_gtp
gtp,gen_common_gtp
<,gen_common_lt
lt,gen_common_lt
<=,gen_common_lte
lte,gen_common_lte
<=p,gen_common_ltep
ltep,gen_common_ltep
<p,gen_common_ltp
ltp,gen_common_ltp
max,gen_common_max
maximum,gen_common_max
min,gen_common_min
minimum,gen_common_min
!=,gen_common_neq
neq,gen_common_neq
step,gen_common_step
constant,gen_common_constant
degtorad,gen_common_degtorad
DEGTORAD,gen_common_degtorad
e,gen_common_e
E,gen_common_e
f,gen_common_float
float,gen_common_float
halfpi,gen_common_halfpi
HALFPI,gen_common_float
i,gen_common_int
int,gen_common_int
invpi,gen_common_invpi
INVPI,gen_common_invpi
ln10,gen_common_ln10
LN10,gen_common_ln10
ln2,gen_common_ln2
LN2,gen_common_ln2
log10e,gen_common_log10e
LOG10E,gen_common_log10e
log2e,gen_common_log2e
LOG2E,gen_common_log2e
PHI,gen_common_phi
phi,gen_common_phi
pi,gen_common_pi
PI,gen_common_pi
radtodeg,gen_common_radtodeg
RADTODEG,gen_common_radtodeg
sqrt1_2,gen_common_sqrt1_2
SQRT1_2,gen_common_sqrt1_2
sqrt2,gen_common_sqrt2
SQRT2,gen_common_sqrt2
twopi,gen_common_twopi
TWOPI,gen_common_twopi
param,gen_common_param
Param,gen_common_param
expr,gen_common_expr
pass,gen_common_pass
in,gen_common_in
out,gen_common_out
!,gen_common_not
not,gen_common_not
&amp;&amp;,gen_common_and
and,gen_common_and
bool,gen_common_bool
or,gen_common_or
||,gen_common_or
^^,gen_common_xor
xor,gen_common_xor
!%,gen_common_rmod
rmod,gen_common_rmod
!-,gen_common_rsub
rsub,gen_common_rsub
%,gen_common_mod
mod,gen_common_mod
+,gen_common_add
add,gen_common_add
-,gen_common_sub
sub,gen_common_sub
,gen_common_div
div,gen_common_div
absdiff,gen_common_absdiff
cartopol,gen_common_cartopol
*,gen_common_mul
mul,gen_common_mul
neg,gen_common_neg
poltocar,gen_common_poltocar
!,gen_common_rdiv
rdiv,gen_common_rdiv
abs,gen_common_abs
ceil,gen_common_ceil
floor,gen_common_floor
trunc,gen_common_trunc
fract,gen_common_fract
sign,gen_common_sign
exp,gen_common_exp
exp2,gen_common_exp2
fastexp,gen_common_fastexp
fastpow,gen_common_fastpow
ln,gen_common_ln
log,gen_common_log
log10,gen_common_log10
log2,gen_common_log2
pow,gen_common_pow
sqrt,gen_common_sqrt
clamp,gen_common_clamp
clip,gen_common_clip
fold,gen_common_fold
scale,gen_common_scale
wrap,gen_common_wrap
?,gen_common_switch
switch,gen_common_switch
gate,gen_common_gate
mix,gen_common_mix
r,gen_common_receive
receive,gen_common_receive
s,gen_common_send
send,gen_common_send
selector,gen_common_selector
smoothstep,gen_common_smoothstep
gen,gen_common_gen
setparam,gen_common_setparam
acos,gen_common_acos
acosh,gen_common_acosh
asin,gen_common_asin
asinh,gen_common_asinh
atan,gen_common_atan
atan2,gen_common_atan2
atanh,gen_common_atanh
cos,gen_common_cos
cosh,gen_common_cosh
degrees,gen_common_degrees
fastcos,gen_common_fastcos
fastsin,gen_common_fastsin
fasttan,gen_common_fasttan
hypot,gen_common_hypot
radians,gen_common_radians
sin,gen_common_sin
sinh,gen_common_sinh
tan,gen_common_tan
tanh,gen_common_tanh
noise,gen_common_noise
